{
  "product": [
    {
      "id": 1,
      "title": "iPhone 9",
      "description": "An apple mobile which is nothing like apple",
      "price": 549,
      "discountPercentage": 12.96,
      "rating": 4.69,
      "stock": 94,
      "brand": 1,
      "category": 1,
      "image": "iphone9.webp"
    },
    {
      "id": 2,
      "title": "iPhone X",
      "description": "SIM-Free, Model A19211 6.5-inch Super Retina HD display with OLED technology A12 Bionic chip with ...",
      "price": 899,
      "discountPercentage": 17.94,
      "rating": 4.44,
      "stock": 34,
      "brand": 1,
      "category": 1,
      "image": "iphonex.jpeg"
    },
    {
      "id": 3,
      "title": "Samsung Universe 9",
      "description": "Samsung's new variant which goes beyond Galaxy to the Universe",
      "price": 1249,
      "discountPercentage": 15.46,
      "rating": 4.09,
      "stock": 36,
      "brand": 2,
      "category": 1,
      "image": "samsunguniverse9.jpeg"
    },
    {
      "id": 4,
      "title": "OPPOF19",
      "description": "OPPO F19 is officially announced on April 2021.",
      "price": 280,
      "discountPercentage": 17.91,
      "rating": 4.3,
      "stock": 123,
      "brand": 3,
      "category": 1,
      "image": "oppf19.png"
    },
    {
      "id": 5,
      "title": "Huawei P30",
      "description": "Huawei’s re-badged P30 Pro New Edition was officially unveiled yesterday in Germany and now the device has made its way to the UK.",
      "price": 499,
      "discountPercentage": 10.58,
      "rating": 4.09,
      "stock": 32,
      "brand": 4,
      "category": 1,
      "image": "huaweip30.png"
    },
    {
      "id": 6,
      "title": "MacBook Pro",
      "description": "MacBook Pro 2021 with mini-LED display may launch between September, November",
      "price": 1749,
      "discountPercentage": 11.02,
      "rating": 4.57,
      "stock": 83,
      "brand": 1,
      "category": 3,
      "image": "macbook.jpeg"
    },
    {
      "id": 7,
      "title": "Samsung Galaxy Book",
      "description": "Samsung Galaxy Book S (2020) Laptop With Intel Lakefield Chip, 8GB of RAM Launched",
      "price": 1499,
      "discountPercentage": 4.15,
      "rating": 4.25,
      "stock": 50,
      "brand": 2,
      "category": 3,
      "image": "samsungbook.jpeg"
    },
    {
      "id": 8,
      "title": "Microsoft Surface Laptop 4",
      "description": "Style and speed. Stand out on HD video calls backed by Studio Mics. Capture ideas on the vibrant touchscreen.",
      "price": 1499,
      "discountPercentage": 10.23,
      "rating": 4.43,
      "stock": 68,
      "brand": 5,
      "category": 3,
      "image": "sureface.jpeg"
    },
    {
      "id": 9,
      "title": "Infinix INBOOK",
      "description": "Infinix Inbook X1 Ci3 10th 8GB 256GB 14 Win10 Grey – 1 Year Warranty",
      "price": 1099,
      "discountPercentage": 11.83,
      "rating": 4.54,
      "stock": 96,
      "brand": 6,
      "category": 3,
      "image": "infinix.jpg"
    },
    {
      "id": 10,
      "title": "Hyaluronic Acid Serum",
      "description": "L'OrÃ©al Paris introduces Hyaluron Expert Replumping Serum formulated with 1.5% Hyaluronic Acid",
      "price": 19,
      "discountPercentage": 13.31,
      "rating": 4.83,
      "stock": 110,
      "brand": 6,
      "category": 4,
      "image": "Hyaluronic.jpg"
    },
    {
      "id": 11,
      "title": "Plant Hanger For Home",
      "description": "Boho Decor Plant Hanger For Home Wall Decoration Macrame Wall Hanging Shelf",
      "price": 41,
      "discountPercentage": 17.86,
      "rating": 4.08,
      "stock": 131,
      "brand": 6,
      "category": 4,
      "image": "plant.jpeg"
    },
    {
      "id": 12,
      "title": "Flying Wooden Bird",
      "description": "Package Include 6 Birds with Adhesive Tape Shape: 3D Shaped Wooden Birds Material: Wooden MDF, Laminated 3.5mm",
      "price": 51,
      "discountPercentage": 15.58,
      "rating": 4.41,
      "stock": 17,
      "brand": 5,
      "category": 4,
      "image": "flying.jpeg"
    }
  ],
  "category": [
    {
      "id": 1,
      "name": "smartphones"
    },
    {
      "id": 2,
      "name": "home-decoration"
    },
    {
      "id": 3,
      "name": "laptops"
    },
    {
      "id": 4,
      "name": "skincare"
    }
  ],
  "brand": [
    {
      "id": 1,
      "name": "Apple"
    },
    {
      "id": 2,
      "name": "Samsung"
    },
    {
      "id": 3,
      "name": "OPPO"
    },
    {
      "id": 4,
      "name": "Huawei"
    },
    {
      "id": 5,
      "name": "Microsoft Surface"
    },
    {
      "id": 6,
      "name": "Infinix"
    }
  ]
}